Raw value,Corresponding cumulative value,Corresponding Cloglog value,Fractional area,Training omission,Test omission
1.08919E-7,0.000010892,0.000303876,1,0,0
1.48128E-7,0.000025705,0.000413242,0.999900725,0,0
2.27958E-7,0.000068726,0.000635877,0.999702174,0,0
2.90652E-7,0.000121905,0.000810689,0.999503624,0,0
3.33458E-7,0.000252623,0.000930025,0.999106522,0,0
4.00074E-7,0.0005202,0.001115716,0.998411595,0,0
4.71826E-7,0.001039909,0.001315685,0.997220292,0,0
5.79889E-7,0.002551417,0.001616774,0.994440584,0,0
6.48805E-7,0.005025311,0.001808744,0.990469572,0,0
7.94916E-7,0.010021557,0.002215622,0.983619577,0,0
1.08622E-6,0.02505069,0.003026328,0.967834806,0,0
1.49822E-6,0.050108672,0.004171794,0.948476124,0,0
2.13328E-6,0.100048167,0.005934892,0.921076144,0,0
3.12239E-6,0.200001059,0.008674675,0.883252259,0,0
3.84293E-6,0.300092886,0.010665771,0.85476025,0,0
4.40421E-6,0.400048813,0.012214,0.83073563,0,0
4.9453E-6,0.500404012,0.013704263,0.809391442,0,0
5.42429E-6,0.600448527,0.01502162,0.790231311,0,0
5.90386E-6,0.700342152,0.016338792,0.77275886,0,0
6.11766E-6,0.750256299,0.016925432,0.764519011,0,0
6.30922E-6,0.800602269,0.017450777,0.756477713,0,0
6.78711E-6,0.90010769,0.018760097,0.741387869,0,0
7.23667E-6,1.000296634,0.019990232,0.727191502,0,0
7.64436E-6,1.100033599,0.021104448,0.713888613,0,0
8.11168E-6,1.200746915,0.022380059,0.701181376,0,0
8.6036E-6,1.300100162,0.023721056,0.689367616,0,0
9.0443E-6,1.400001242,0.024920826,0.678149509,0,0
9.59637E-6,1.500656266,0.026421742,0.667427777,0,0
1.07805E-5,1.750337745,0.029633181,0.643105331,0,0.013888889
1.19001E-5,2.000715779,0.032660057,0.621165492,0,0.013888889
1.29888E-5,2.250302682,0.035594138,0.601211159,0.02739726,0.013888889
1.4198E-5,2.500163307,0.038842772,0.582944505,0.02739726,0.013888889
1.52848E-5,2.750616671,0.041753117,0.566067706,0.02739726,0.013888889
1.65468E-5,3.000478271,0.045121444,0.550481485,0.02739726,0.013888889
1.76676E-5,3.251535358,0.048102979,0.535888017,0.02739726,0.013888889
1.87457E-5,3.500598433,0.050962253,0.522287303,0.04109589,0.013888889
2.00443E-5,3.750384634,0.054394843,0.50948079,0.04109589,0.013888889
2.12108E-5,4.001956096,0.057467717,0.497369205,0.04109589,0.027777778
2.25066E-5,4.251209954,0.06086972,0.486051822,0.054794521,0.041666667
2.39884E-5,4.502367686,0.064744619,0.47533009,0.054794521,0.055555556
2.51534E-5,4.751262363,0.067779945,0.465303286,0.054794521,0.055555556
2.65064E-5,5.001896514,0.071292737,0.455673583,0.054794521,0.055555556
2.75929E-5,5.250823167,0.074104144,0.446540256,0.054794521,0.055555556
2.87306E-5,5.501825316,0.077038795,0.437704755,0.054794521,0.055555556
3.00768E-5,5.751583909,0.080499162,0.429266356,0.054794521,0.055555556
3.14668E-5,6.001008801,0.084058721,0.421225057,0.054794521,0.055555556
3.24427E-5,6.250385101,0.086549381,0.413481584,0.054794521,0.069444444
3.38098E-5,6.502197078,0.090027328,0.405936662,0.054794521,0.069444444
3.51877E-5,6.750463174,0.093519147,0.398788841,0.068493151,0.069444444
3.68079E-5,7.002236839,0.097607968,0.391839571,0.068493151,0.069444444
3.82938E-5,7.253462785,0.101341737,0.385188127,0.068493151,0.069444444
3.97875E-5,7.502945706,0.105079429,0.378834508,0.095890411,0.069444444
4.16257E-5,7.751338143,0.109658033,0.372778715,0.095890411,0.069444444
4.30042E-5,8.001045022,0.113076116,0.366921473,0.095890411,0.069444444
4.42322E-5,8.254119647,0.116109942,0.361163506,0.095890411,0.069444444
4.55503E-5,8.501290079,0.119354932,0.355703365,0.095890411,0.069444444
4.67245E-5,8.750203376,0.122235577,0.3503425,0.095890411,0.069444444
4.85519E-5,9.002882019,0.126699841,0.345080909,0.095890411,0.069444444
5.02069E-5,9.250343995,0.130723511,0.340117145,0.095890411,0.069444444
5.17316E-5,9.500088943,0.134413805,0.335252656,0.095890411,0.069444444
5.32864E-5,9.752280127,0.138161171,0.330487442,0.095890411,0.083333333
5.46888E-5,10.000805207,0.141527032,0.325920778,0.095890411,0.083333333
5.62015E-5,10.250248154,0.145142913,0.32145339,0.109589041,0.083333333
5.77366E-5,10.500782,0.148796771,0.317085277,0.109589041,0.083333333
5.9717E-5,10.753622157,0.153487651,0.31281644,0.109589041,0.083333333
6.13612E-5,11.001838518,0.157362441,0.308746153,0.109589041,0.083333333
6.29817E-5,11.250291208,0.161163835,0.304775141,0.109589041,0.083333333
6.4255E-5,11.505095093,0.164139024,0.30080413,0.123287671,0.083333333
6.54404E-5,11.751646855,0.166899079,0.297031669,0.123287671,0.083333333
6.68056E-5,12.003080784,0.170066801,0.293259208,0.123287671,0.083333333
6.83244E-5,12.252554101,0.17357648,0.289586022,0.123287671,0.083333333
6.96881E-5,12.501106285,0.176715095,0.286012112,0.123287671,0.083333333
7.20344E-5,12.755934254,0.182087711,0.282438201,0.123287671,0.083333333
7.35551E-5,13.003246305,0.185550855,0.279062841,0.123287671,0.083333333
7.55322E-5,13.256483458,0.190031709,0.275687481,0.123287671,0.083333333
7.67769E-5,13.500251435,0.192839946,0.272510672,0.123287671,0.083333333
7.83261E-5,13.756287581,0.196321625,0.269234588,0.123287671,0.083333333
7.9605E-5,14.001170817,0.199184335,0.266157054,0.123287671,0.083333333
8.12862E-5,14.250154541,0.202932367,0.26307952,0.123287671,0.083333333
8.23341E-5,14.503517684,0.205259531,0.260001986,0.123287671,0.083333333
8.35186E-5,14.752446487,0.207882023,0.257023727,0.123287671,0.083333333
8.52047E-5,15.005864267,0.211599815,0.254045468,0.123287671,0.097222222
8.67317E-5,15.255600692,0.214952094,0.251166485,0.123287671,0.097222222
8.79474E-5,15.500102505,0.217610436,0.248386777,0.123287671,0.097222222
8.91216E-5,15.756884615,0.220169818,0.245507793,0.123287671,0.097222222
9.05692E-5,16.008302367,0.223313384,0.242728085,0.136986301,0.097222222
9.19783E-5,16.255036282,0.226361189,0.240047652,0.136986301,0.097222222
9.44111E-5,16.50647628,0.231595224,0.237367219,0.136986301,0.097222222
9.59817E-5,16.753752552,0.234955367,0.234786062,0.136986301,0.097222222
9.76199E-5,17.005485745,0.238444394,0.232204904,0.136986301,0.097222222
9.89886E-5,17.251279083,0.241347314,0.229723022,0.136986301,0.097222222
1.00545E-4,17.5011277,0.24463484,0.22724114,0.136986301,0.097222222
1.0214E-4,17.755059742,0.247988609,0.224759257,0.136986301,0.097222222
1.03223E-4,18.001248682,0.250259059,0.22237665,0.136986301,0.097222222
1.04709E-4,18.251079722,0.253360863,0.219994043,0.136986301,0.097222222
1.06175E-4,18.504189686,0.25640883,0.217611437,0.136986301,0.097222222
1.07173E-4,18.760331804,0.258476004,0.21522883,0.136986301,0.097222222
1.08793E-4,19.00876237,0.26182134,0.212945498,0.136986301,0.097222222
1.09765E-4,19.259988452,0.263819457,0.210662166,0.150684932,0.097222222
1.11259E-4,19.502717996,0.266882432,0.20847811,0.150684932,0.097222222
1.13088E-4,19.760801157,0.270615163,0.206194778,0.150684932,0.097222222
1.1445E-4,20.011215339,0.273382362,0.204010722,0.150684932,0.097222222
1.15453E-4,20.252573027,0.275412754,0.201925941,0.150684932,0.097222222
1.17041E-4,20.508453145,0.278615749,0.199741884,0.150684932,0.097222222
1.18552E-4,20.755698109,0.281650169,0.197657103,0.150684932,0.097222222
1.20029E-4,21.006485119,0.284605608,0.195572322,0.178082192,0.111111111
1.21684E-4,21.260386627,0.287902447,0.193487541,0.178082192,0.111111111
1.23021E-4,21.505196073,0.290552996,0.191502035,0.178082192,0.111111111
1.24456E-4,21.752866284,0.293388822,0.189516529,0.178082192,0.111111111
1.25688E-4,22.003096197,0.295813557,0.187531024,0.178082192,0.111111111
1.27148E-4,22.255986316,0.298675295,0.185545518,0.178082192,0.111111111
1.2853E-4,22.511741463,0.301375011,0.183560012,0.178082192,0.111111111
1.29919E-4,22.757487522,0.304078369,0.181673781,0.178082192,0.111111111
1.31838E-4,23.005967319,0.307794544,0.179787551,0.178082192,0.111111111
1.33524E-4,23.258419829,0.31104311,0.17790132,0.178082192,0.125
1.35217E-4,23.500023297,0.314289757,0.176114365,0.178082192,0.125
1.37208E-4,23.759201202,0.318089891,0.174228135,0.178082192,0.125
1.38157E-4,24.00707361,0.319891789,0.172441179,0.178082192,0.125
1.39352E-4,24.257193004,0.322155706,0.170654224,0.178082192,0.125
1.40994E-4,24.509564901,0.325254704,0.168867269,0.178082192,0.138888889
1.42543E-4,24.750511029,0.328164585,0.167179589,0.178082192,0.138888889
1.44291E-4,25.008814367,0.331433549,0.165392634,0.191780822,0.138888889
1.45743E-4,25.255278103,0.334137295,0.163704954,0.191780822,0.138888889
1.47755E-4,25.504696882,0.337865876,0.162017274,0.191780822,0.138888889
1.50242E-4,25.758439556,0.342444909,0.160329594,0.191780822,0.138888889
1.52033E-4,26.015198419,0.345722725,0.158641914,0.191780822,0.152777778
1.53165E-4,26.259477313,0.347785997,0.157053509,0.191780822,0.152777778
1.54438E-4,26.505706395,0.350098614,0.155465105,0.191780822,0.166666667
1.55852E-4,26.754040414,0.35265719,0.1538767,0.191780822,0.180555556
1.56813E-4,27.004141286,0.354391283,0.152288295,0.205479452,0.180555556
1.5853E-4,27.256465466,0.357476118,0.150699891,0.205479452,0.180555556
1.60318E-4,27.511714252,0.36067347,0.149111486,0.205479452,0.180555556
1.62116E-4,27.753895779,0.36387307,0.147622357,0.205479452,0.194444444
1.63291E-4,28.014129819,0.365955225,0.146033952,0.205479452,0.194444444
1.65305E-4,28.260929661,0.369508918,0.144544823,0.205479452,0.194444444
1.66542E-4,28.509729955,0.371681628,0.143055693,0.205479452,0.194444444
1.67995E-4,28.76084257,0.374224345,0.141566564,0.205479452,0.194444444
1.69482E-4,29.013774948,0.376815326,0.140077435,0.205479452,0.194444444
1.71391E-4,29.252681582,0.380125976,0.138687581,0.205479452,0.194444444
1.72695E-4,29.510677873,0.382376262,0.137198451,0.205479452,0.194444444
1.74851E-4,29.753921944,0.386080741,0.135808597,0.205479452,0.194444444
1.76739E-4,30.000028024,0.389306475,0.134418743,0.205479452,0.194444444
1.78691E-4,30.257164697,0.392624686,0.132929614,0.205479452,0.208333333
1.80195E-4,30.50000171,0.395167086,0.131639035,0.205479452,0.222222222
1.81683E-4,30.75353931,0.397674491,0.130249181,0.205479452,0.222222222
1.8327E-4,31.009135051,0.400335199,0.128859327,0.205479452,0.222222222
1.8586E-4,31.267782776,0.404652988,0.127469473,0.219178082,0.222222222
1.87256E-4,31.510373003,0.40696874,0.126178894,0.232876712,0.222222222
1.89038E-4,31.754995126,0.409909587,0.124888315,0.232876712,0.236111111
1.90493E-4,32.001846521,0.412299816,0.123597737,0.232876712,0.25
1.92156E-4,32.250597102,0.415020684,0.122307158,0.232876712,0.25
1.94778E-4,32.502229125,0.419285583,0.121016579,0.232876712,0.25
1.97196E-4,32.756827616,0.42319083,0.119726,0.232876712,0.25
1.99755E-4,33.014941475,0.42729401,0.118435421,0.232876712,0.25
2.02344E-4,33.256258411,0.43141598,0.117244118,0.232876712,0.25
2.03933E-4,33.500096811,0.433932054,0.116052814,0.232876712,0.25
2.05431E-4,33.766189983,0.436292535,0.114762236,0.232876712,0.25
2.07706E-4,34.01399387,0.439860034,0.113570932,0.232876712,0.25
2.10068E-4,34.264658553,0.443539909,0.112379629,0.246575342,0.25
2.14056E-4,34.519397077,0.449697311,0.111188325,0.246575342,0.25
2.16143E-4,34.755870685,0.45289283,0.110096297,0.246575342,0.263888889
2.1955E-4,35.017924141,0.458069112,0.108904994,0.246575342,0.263888889
2.21313E-4,35.260370482,0.460729711,0.107812965,0.246575342,0.263888889
2.23982E-4,35.505234459,0.464730284,0.106720937,0.260273973,0.263888889
2.26989E-4,35.753269585,0.469202209,0.105628909,0.260273973,0.277777778
2.2835E-4,36.003824201,0.471215311,0.104536881,0.273972603,0.277777778
2.30793E-4,36.256570289,0.474806505,0.103444853,0.273972603,0.277777778
2.32952E-4,36.511618692,0.477960996,0.102352824,0.273972603,0.277777778
2.34727E-4,36.768798025,0.480540954,0.101260796,0.273972603,0.277777778
2.36392E-4,37.004505797,0.482947938,0.100268043,0.273972603,0.277777778
2.39449E-4,37.266356747,0.487339789,0.099176015,0.287671233,0.277777778
2.42685E-4,37.507271034,0.491947816,0.098183262,0.287671233,0.277777778
2.46346E-4,37.751642516,0.497111774,0.097190509,0.287671233,0.291666667
2.49319E-4,38.024682278,0.501266952,0.096098481,0.287671233,0.291666667
2.51545E-4,38.274975438,0.504355197,0.095105728,0.287671233,0.291666667
2.56498E-4,38.503385824,0.511158207,0.094212251,0.287671233,0.291666667
2.6007E-4,38.762020043,0.516005575,0.093219498,0.287671233,0.291666667
2.64291E-4,39.024777075,0.521672433,0.092226745,0.287671233,0.291666667
2.6748E-4,39.259621772,0.525910594,0.091333267,0.301369863,0.291666667
2.728E-4,39.508482097,0.532895724,0.09043979,0.301369863,0.319444444
2.76845E-4,39.756194058,0.538138559,0.089546312,0.301369863,0.319444444
2.79032E-4,40.006444419,0.540948848,0.088652834,0.301369863,0.319444444
2.80593E-4,40.258356214,0.542943183,0.087759357,0.315068493,0.319444444
2.83263E-4,40.51215571,0.546335421,0.086865879,0.315068493,0.319444444
2.87267E-4,40.768874387,0.551376333,0.085972401,0.315068493,0.333333333
2.90765E-4,41.000528761,0.555734034,0.085178199,0.315068493,0.347222222
2.94673E-4,41.264678057,0.560552208,0.084284722,0.328767123,0.347222222
2.99199E-4,41.502848082,0.566066867,0.083490519,0.356164384,0.347222222
3.01197E-4,41.77343881,0.568479981,0.082597042,0.356164384,0.347222222
3.04691E-4,42.015872525,0.572666679,0.081802839,0.356164384,0.347222222
3.06235E-4,42.260443751,0.574503033,0.081008637,0.356164384,0.347222222
3.08571E-4,42.506631688,0.577267515,0.080214435,0.356164384,0.347222222
3.10523E-4,42.754481796,0.579563451,0.079420232,0.356164384,0.347222222
3.12767E-4,43.003570607,0.582188206,0.07862603,0.356164384,0.347222222
3.15697E-4,43.255226863,0.585590356,0.077831828,0.356164384,0.347222222
3.19208E-4,43.509997106,0.589630202,0.077037625,0.356164384,0.347222222
3.20244E-4,43.766030163,0.590814796,0.076243423,0.356164384,0.347222222
3.22013E-4,44.023186843,0.592830152,0.075449221,0.369863014,0.347222222
3.24091E-4,44.281644184,0.595183327,0.074655018,0.369863014,0.347222222
3.26496E-4,44.50972504,0.597891588,0.073960091,0.369863014,0.347222222
3.28713E-4,44.772260565,0.600371353,0.073165889,0.369863014,0.347222222
3.31454E-4,45.003518825,0.603415718,0.072470962,0.369863014,0.347222222
3.36047E-4,45.270060602,0.608465914,0.07167676,0.369863014,0.347222222
3.38729E-4,45.506632101,0.61138533,0.070981833,0.369863014,0.347222222
3.41828E-4,45.779097492,0.614731109,0.07018763,0.369863014,0.347222222
3.45064E-4,46.019832887,0.618194845,0.069492703,0.369863014,0.347222222
3.47614E-4,46.262313139,0.620901116,0.068797776,0.383561644,0.347222222
3.50053E-4,46.506939626,0.623472736,0.068102849,0.383561644,0.347222222
3.50694E-4,46.752307156,0.624145075,0.067407922,0.383561644,0.347222222
3.53243E-4,47.0339152,0.626809673,0.06661372,0.383561644,0.347222222
3.55337E-4,47.281967051,0.628983564,0.065918793,0.383561644,0.347222222
3.59402E-4,47.532202911,0.633167777,0.065223866,0.383561644,0.361111111
3.6223E-4,47.785040209,0.636051099,0.064528939,0.383561644,0.375
3.64042E-4,48.003088419,0.637887452,0.063933287,0.383561644,0.375
3.66865E-4,48.259114807,0.64072774,0.06323836,0.383561644,0.375
3.69674E-4,48.516950564,0.643533473,0.062543433,0.397260274,0.375
3.72091E-4,48.776783843,0.645929056,0.061848506,0.410958904,0.375
3.74144E-4,49.000633239,0.647951907,0.061252854,0.410958904,0.375
3.76427E-4,49.263330398,0.650187407,0.060557927,0.410958904,0.375
3.79582E-4,49.52836648,0.653253534,0.059863,0.410958904,0.375
3.83017E-4,49.757190004,0.656561068,0.059267348,0.410958904,0.375
3.84988E-4,50.026255123,0.658444657,0.058572421,0.410958904,0.375
3.87164E-4,50.258027124,0.660512291,0.05797677,0.410958904,0.388888889
3.88552E-4,50.529617591,0.661824045,0.057281843,0.410958904,0.402777778
3.91065E-4,50.763827186,0.664187144,0.056686191,0.410958904,0.416666667
3.93617E-4,51.038498161,0.666570533,0.055991264,0.410958904,0.416666667
3.945E-4,51.27498817,0.667390601,0.055395612,0.424657534,0.416666667
3.96759E-4,51.512380813,0.6694808,0.05479996,0.424657534,0.416666667
3.99128E-4,51.751165538,0.671658296,0.054204309,0.424657534,0.416666667
4.01868E-4,52.031594987,0.674159293,0.053509382,0.424657534,0.416666667
4.04611E-4,52.273908085,0.676643425,0.05291373,0.424657534,0.416666667
4.06573E-4,52.517494157,0.678409238,0.052318078,0.424657534,0.416666667
4.08816E-4,52.762119934,0.680415233,0.051722426,0.424657534,0.416666667
4.10886E-4,53.008102322,0.682256211,0.051126775,0.424657534,0.416666667
4.13355E-4,53.255316367,0.684437324,0.050531123,0.424657534,0.416666667
4.15814E-4,53.504345707,0.686595688,0.049935471,0.424657534,0.430555556
4.21049E-4,53.755979676,0.69114049,0.049339819,0.424657534,0.430555556
4.22728E-4,54.009100159,0.692583744,0.048744168,0.424657534,0.430555556
4.24118E-4,54.263212115,0.693773752,0.048148516,0.424657534,0.430555556
4.25601E-4,54.518094549,0.695038447,0.047552864,0.424657534,0.430555556
4.27379E-4,54.77414774,0.696547581,0.046957212,0.438356164,0.430555556
4.30255E-4,55.031458189,0.698973096,0.046361561,0.438356164,0.430555556
4.33602E-4,55.290984402,0.701771649,0.045765909,0.438356164,0.430555556
4.35255E-4,55.508383802,0.703143952,0.045269532,0.452054795,0.430555556
4.39502E-4,55.771114228,0.706641099,0.044673881,0.452054795,0.430555556
4.43201E-4,56.036118407,0.709653269,0.044078229,0.452054795,0.430555556
4.4754E-4,56.25897463,0.713147161,0.043581852,0.452054795,0.430555556
4.51793E-4,56.529449213,0.716531151,0.042986201,0.452054795,0.430555556
4.55666E-4,56.756791853,0.719578474,0.042489824,0.465753425,0.430555556
4.59501E-4,57.031572241,0.722563167,0.041894173,0.465753425,0.430555556
4.62907E-4,57.26285953,0.725187357,0.041397796,0.479452055,0.430555556
4.64975E-4,57.541415393,0.726768645,0.040802144,0.479452055,0.430555556
4.68675E-4,57.775232283,0.7295747,0.040305768,0.479452055,0.444444444
4.70396E-4,58.010163666,0.730870464,0.039809391,0.479452055,0.458333333
4.74968E-4,58.294313976,0.734281927,0.03921374,0.506849315,0.458333333
4.77006E-4,58.532613966,0.735788801,0.038717363,0.506849315,0.458333333
4.79642E-4,58.771951603,0.737724979,0.038220987,0.506849315,0.458333333
4.83277E-4,59.012825358,0.740371796,0.03772461,0.506849315,0.458333333
4.8475E-4,59.254940214,0.741436739,0.037228234,0.520547945,0.458333333
4.87713E-4,59.514834945,0.743565638,0.036632582,0.534246575,0.458333333
4.92363E-4,59.792653138,0.746871279,0.036136206,0.534246575,0.486111111
4.95239E-4,60.039837129,0.748894779,0.035639829,0.534246575,0.486111111
5.03748E-4,60.289876579,0.754786344,0.035143453,0.547945205,0.513888889
5.05874E-4,60.542404427,0.756236864,0.034647076,0.547945205,0.513888889
5.09464E-4,60.796307455,0.758666109,0.0341507,0.547945205,0.513888889
5.11775E-4,61.000633448,0.760217671,0.033753599,0.547945205,0.541666667
5.14977E-4,61.257429684,0.762350671,0.033257222,0.547945205,0.541666667
5.18948E-4,61.516050986,0.76496897,0.032760846,0.547945205,0.541666667
5.26292E-4,61.778269056,0.76973627,0.032264469,0.561643836,0.541666667
5.28257E-4,62.041919063,0.770995487,0.031768093,0.575342466,0.555555556
5.32847E-4,62.254835078,0.77390947,0.031370992,0.575342466,0.555555556
5.38596E-4,62.522778418,0.777507987,0.030874615,0.575342466,0.569444444
5.42975E-4,62.793357708,0.780209757,0.030378239,0.575342466,0.583333333
5.4686E-4,63.011544726,0.782579573,0.029981138,0.575342466,0.583333333
5.50733E-4,63.285761811,0.784916427,0.029484761,0.575342466,0.597222222
5.53367E-4,63.506796769,0.786491634,0.02908766,0.589041096,0.597222222
5.58727E-4,63.784949627,0.789660762,0.028591284,0.589041096,0.597222222
5.65101E-4,64.003188793,0.793368925,0.028194182,0.589041096,0.597222222
5.68917E-4,64.293437593,0.795557677,0.027697806,0.589041096,0.611111111
5.72034E-4,64.521905823,0.797327759,0.027300705,0.589041096,0.611111111
5.74641E-4,64.751498506,0.79879716,0.026903604,0.589041096,0.611111111
5.7803E-4,65.039964835,0.800690654,0.026407227,0.589041096,0.611111111
5.83253E-4,65.27286418,0.803574488,0.026010126,0.616438356,0.611111111
5.91306E-4,65.507210605,0.807938868,0.025613025,0.616438356,0.611111111
5.98247E-4,65.781683275,0.811622873,0.025116648,0.616438356,0.611111111
6.04496E-4,66.046326908,0.814879073,0.024719547,0.616438356,0.625
6.06472E-4,66.288590875,0.815896769,0.024322446,0.616438356,0.625
6.108E-4,66.532398372,0.818106811,0.023925345,0.616438356,0.625
6.13419E-4,66.777203257,0.819431428,0.023528244,0.630136986,0.625
6.18216E-4,67.023267249,0.82183229,0.023131143,0.630136986,0.625
6.25795E-4,67.272010542,0.825560716,0.022734041,0.630136986,0.625
6.32926E-4,67.524733969,0.828997238,0.02233694,0.630136986,0.625
6.39904E-4,67.779518024,0.832294299,0.021939839,0.630136986,0.625
6.46147E-4,68.036837537,0.835190621,0.021542738,0.630136986,0.625
6.56727E-4,68.297919418,0.839985167,0.021145637,0.630136986,0.625
6.59512E-4,68.561133393,0.841223458,0.020748536,0.643835616,0.625
6.64721E-4,68.760042047,0.843514797,0.02045071,0.643835616,0.625
6.7952E-4,69.030169814,0.849845196,0.020053609,0.643835616,0.625
6.91099E-4,69.304370268,0.854619142,0.019656507,0.643835616,0.625
6.95179E-4,69.512862519,0.856264687,0.019358682,0.643835616,0.625
7.04712E-4,69.792293911,0.860037609,0.01896158,0.643835616,0.638888889
7.12722E-4,70.005751593,0.863131325,0.018663755,0.643835616,0.652777778
7.18224E-4,70.292470475,0.86521637,0.018266653,0.643835616,0.652777778
7.20679E-4,70.508495966,0.866136637,0.017968828,0.643835616,0.652777778
7.29939E-4,70.771408897,0.869551067,0.017571726,0.643835616,0.652777778
7.40238E-4,71.020536507,0.873246575,0.017273901,0.643835616,0.666666667
7.6472E-4,71.321034403,0.881616426,0.016876799,0.643835616,0.666666667
8.07142E-4,71.557597297,0.894832008,0.016578973,0.643835616,0.666666667
8.12844E-4,71.801091277,0.896491993,0.016281148,0.643835616,0.666666667
8.20228E-4,72.046185895,0.898602971,0.015983322,0.657534247,0.666666667
8.23548E-4,72.292987929,0.89953794,0.015685496,0.657534247,0.666666667
8.42841E-4,72.543860049,0.904803063,0.01538767,0.657534247,0.666666667
8.54613E-4,72.79960006,0.907879435,0.015089844,0.657534247,0.666666667
8.71728E-4,73.058886385,0.912175199,0.014792018,0.657534247,0.666666667
8.7919E-4,73.322515963,0.913985104,0.014494192,0.657534247,0.666666667
8.99123E-4,73.58979127,0.918638443,0.014196367,0.657534247,0.666666667
9.09297E-4,73.771443295,0.920915764,0.013997816,0.671232877,0.666666667
9.29972E-4,74.048443232,0.92534909,0.01369999,0.671232877,0.694444444
9.46277E-4,74.32967645,0.928669424,0.013402164,0.671232877,0.694444444
9.62989E-4,74.521263255,0.931919274,0.013203614,0.671232877,0.708333333
9.86639E-4,74.816505362,0.936267029,0.012905788,0.671232877,0.722222222
9.9796E-4,75.015833121,0.938248874,0.012707237,0.671232877,0.722222222
1.02735E-3,75.319769672,0.943110939,0.012409411,0.671232877,0.722222222
1.03763E-3,75.526459573,0.944719111,0.012210861,0.671232877,0.722222222
1.04354E-3,75.839149646,0.945623109,0.011913035,0.698630137,0.722222222
1.04829E-3,76.048728971,0.946340036,0.011714484,0.698630137,0.736111111
1.05631E-3,76.259583997,0.947527361,0.011515934,0.698630137,0.75
1.07882E-3,76.58070711,0.950721087,0.011218108,0.712328767,0.75
1.09277E-3,76.79878752,0.952602973,0.011019557,0.712328767,0.763888889
1.10324E-3,77.019409312,0.953967925,0.010821007,0.712328767,0.763888889
1.1238E-3,77.356042883,0.956533972,0.010523181,0.712328767,0.763888889
1.12851E-3,77.581511114,0.957101409,0.01032463,0.712328767,0.763888889
1.12983E-3,77.80737999,0.957258905,0.01012608,0.726027397,0.763888889
1.1699E-3,78.024212274,0.961780244,0.009927529,0.726027397,0.763888889
1.17481E-3,78.275120064,0.962300798,0.009728978,0.726027397,0.777777778
1.18603E-3,78.511931808,0.963463041,0.009530428,0.726027397,0.777777778
1.19541E-3,78.750342894,0.964406389,0.009331877,0.726027397,0.777777778
1.21887E-3,79.114437259,0.966661447,0.009034051,0.739726027,0.777777778
1.22933E-3,79.359623408,0.967620894,0.008835501,0.739726027,0.777777778
1.26417E-3,79.610246267,0.970620084,0.00863695,0.739726027,0.777777778
1.27371E-3,79.864406152,0.971392281,0.0084384,0.739726027,0.777777778
1.3023E-3,80.124307812,0.97358579,0.008239849,0.739726027,0.791666667
1.31535E-3,80.255843102,0.974530513,0.008140574,0.739726027,0.791666667
1.3401E-3,80.509759583,0.976229932,0.007942023,0.739726027,0.791666667
1.35835E-3,80.755168854,0.977409879,0.007743473,0.739726027,0.805555556
1.39298E-3,81.070245105,0.979490987,0.007544922,0.739726027,0.819444444
1.41187E-3,81.251752265,0.980543875,0.007346371,0.739726027,0.819444444
1.44009E-3,81.642017074,0.982017279,0.007147821,0.739726027,0.847222222
1.44678E-3,81.786694906,0.982349567,0.007048546,0.739726027,0.847222222
1.45959E-3,82.078069686,0.982969229,0.006849995,0.739726027,0.847222222
1.47176E-3,82.371361666,0.98353781,0.006651444,0.739726027,0.847222222
1.47297E-3,82.518659147,0.983593734,0.006552169,0.739726027,0.847222222
1.50791E-3,82.818849935,0.985117647,0.006353619,0.739726027,0.847222222
1.51578E-3,83.121679802,0.985440679,0.006155068,0.739726027,0.847222222
1.53733E-3,83.275412605,0.986290399,0.006055793,0.739726027,0.847222222
1.54836E-3,83.584242701,0.986706151,0.005857242,0.753424658,0.847222222
1.57498E-3,83.898003463,0.987657728,0.005658692,0.753424658,0.847222222
1.57824E-3,84.055827734,0.987769525,0.005559416,0.753424658,0.847222222
1.65574E-3,84.379336583,0.990147999,0.005360866,0.753424658,0.847222222
1.68253E-3,84.54758915,0.990857385,0.00526159,0.753424658,0.847222222
1.71737E-3,84.889286432,0.991704563,0.00506304,0.753424658,0.847222222
1.77346E-3,85.066632267,0.992906251,0.004963765,0.753424658,0.847222222
1.79317E-3,85.423995857,0.993285856,0.004765214,0.753424658,0.847222222
1.85848E-3,85.609843553,0.994404383,0.004665939,0.753424658,0.847222222
1.86723E-3,85.796566161,0.994539335,0.004566663,0.753424658,0.847222222
1.90474E-3,86.176097443,0.995082065,0.004368113,0.753424658,0.861111111
1.91249E-3,86.367346143,0.995187207,0.004268837,0.753424658,0.861111111
1.93765E-3,86.561111315,0.99551356,0.004169562,0.753424658,0.861111111
1.95309E-3,86.756420243,0.995702714,0.004070287,0.753424658,0.861111111
2.00574E-3,87.153481991,0.996289827,0.003871736,0.767123288,0.875
2.04489E-3,87.357971268,0.996673831,0.003772461,0.767123288,0.875
2.0879E-3,87.566760864,0.997049933,0.003673186,0.780821918,0.888888889
2.10711E-3,87.777472072,0.997203948,0.00357391,0.780821918,0.888888889
2.13292E-3,88.20377875,0.997398206,0.00337536,0.794520548,0.888888889
2.14488E-3,88.418267215,0.997483648,0.003276085,0.794520548,0.888888889
2.20828E-3,88.6390953,0.997891633,0.003176809,0.794520548,0.888888889
2.21577E-3,88.860672705,0.997935258,0.003077534,0.808219178,0.888888889
2.35056E-3,89.095728209,0.998582462,0.002978259,0.821917808,0.916666667
2.40311E-3,89.336039663,0.99877583,0.002878983,0.821917808,0.930555556
2.42091E-3,89.578130669,0.998835133,0.002779708,0.821917808,0.930555556
2.54058E-3,89.832188653,0.999165824,0.002680433,0.821917808,0.972222222
2.62307E-3,90.094495293,0.999337329,0.002581158,0.821917808,0.972222222
2.66497E-3,90.344727274,0.999410451,0.002481882,0.821917808,0.972222222
2.71154E-3,90.632422832,0.99948229,0.002382607,0.835616438,0.986111111
2.84813E-3,90.917235443,0.999646357,0.002283332,0.849315068,1
2.89727E-3,91.206962675,0.999691676,0.002184056,0.849315068,1
2.91412E-3,91.498374549,0.999705834,0.002084781,0.849315068,1
2.91864E-3,91.790238324,0.99970952,0.001985506,0.849315068,1
2.94875E-3,92.085113354,0.99973293,0.001886231,0.849315068,1
3.04386E-3,92.389499064,0.99979518,0.001786955,0.849315068,1
3.08848E-3,92.698346889,0.999819158,0.00168768,0.849315068,1
3.17752E-3,93.016098884,0.999858942,0.001588405,0.849315068,1
3.27866E-3,93.343965183,0.999893628,0.001489129,0.849315068,1
3.31258E-3,93.675223065,0.999903233,0.001389854,0.849315068,1
3.36078E-3,94.011301385,0.999915411,0.001290579,0.863013699,1
3.5707E-3,94.368371503,0.99995291,0.001191303,0.876712329,1
3.74083E-3,94.742454751,0.999970707,0.001092028,0.890410959,1
3.78182E-3,95.120636312,0.999973873,0.000992753,0.890410959,1
3.80873E-3,95.501508894,0.999975763,0.000893478,0.890410959,1
3.91276E-3,95.892784839,0.999981869,0.000794202,0.890410959,1
3.97346E-3,96.290130816,0.999984694,0.000694927,0.904109589,1
4.03087E-3,96.69321742,0.99998696,0.000595652,0.917808219,1
4.15978E-3,97.109195622,0.9999909,0.000496376,0.931506849,1
4.95364E-3,97.604559547,0.999999007,0.000397101,0.945205479,1
7.07642E-3,98.312201292,0.999999997,0.000297826,0.95890411,1
7.43251E-3,99.055452428,0.999999999,0.000198551,0.97260274,1
9.44548E-3,100,1,0.000099275,0.98630137,1
9.44548E-3,100,1,0,0.98630137,1
